user_id,company_name,signup_date,plan_tier,company_size,country
1,Montoya Inc,2024-09-25,Starter,1-10,Australia
2,"Reeves, Abbott and Roberts",2025-11-03,Free,11-50,India
3,Ward-Mckenzie,2025-07-24,Pro,500+,USA
4,Estrada-Kelly,2025-08-04,Starter,1-10,USA
5,"Newman, Peck and Washington",2024-11-01,Free,11-50,Canada
6,Lopez-Nguyen,2026-03-08,Starter,500+,India
7,"Fleming, Ibarra and Mckinney",2025-12-17,Pro,500+,Germany
8,Smith Inc,2025-11-12,Free,500+,UK
9,Weber-Stephenson,2025-11-30,Pro,1-10,India
10,Fernandez-Vargas,2026-05-12,Starter,51-200,UK
11,Klein-Walker,2024-10-04,Free,51-200,USA
12,Brock PLC,2025-06-24,Free,1-10,UK
13,"West, Reyes and Henderson",2026-03-07,Pro,500+,UK
14,"Evans, Schmitt and Brown",2025-10-25,Pro,201-500,Canada
15,Brewer LLC,2025-11-12,Free,201-500,USA
16,"Ramos, Gray and Jones",2025-05-02,Starter,500+,UK
17,Werner-Gibson,2024-09-03,Starter,1-10,USA
18,Boyer-Velasquez,2024-09-20,Starter,51-200,USA
19,"Brooks, Rosales and Garcia",2025-05-18,Pro,1-10,Germany
20,Rivera-Williams,2024-12-21,Free,51-200,India
21,Parks Group,2025-02-28,Free,11-50,Australia
22,Wright-Young,2025-08-24,Free,1-10,Canada
23,Griffin and Sons,2025-10-15,Starter,500+,Australia
24,"West, Willis and Knapp",2026-06-25,Free,201-500,Germany
25,Hayes-Moore,2025-12-21,Free,500+,India
26,"Travis, Clark and Brown",2024-12-02,Starter,1-10,India
27,Dennis Inc,2025-05-28,Pro,51-200,Germany
28,Vincent Ltd,2026-06-16,Free,11-50,Canada
29,"Fox, Lang and Walsh",2025-01-04,Pro,51-200,India
30,Cruz-English,2024-09-09,Starter,201-500,Australia
31,Marquez PLC,2024-11-03,Starter,51-200,India
32,"Robinson, Wheeler and Wright",2026-04-05,Free,500+,Canada
33,Mitchell and Sons,2025-12-27,Free,500+,Germany
34,Lee-Erickson,2026-05-16,Pro,201-500,UK
35,"Colon, Bailey and Silva",2026-01-16,Free,11-50,Canada
36,Green and Sons,2025-03-07,Starter,1-10,USA
37,Turner-Howe,2025-06-27,Free,11-50,Australia
38,"Stanley, Burton and Collins",2026-05-30,Starter,1-10,Germany
39,"Munoz, Mitchell and Hancock",2025-03-19,Free,201-500,Canada
40,Medina PLC,2024-12-21,Free,500+,USA
41,"Blackwell, Brown and Hart",2024-12-09,Starter,1-10,Australia
42,Figueroa LLC,2025-03-12,Pro,51-200,Australia
43,"Ford, Maldonado and Arnold",2024-12-25,Free,51-200,Germany
44,Shah PLC,2025-07-12,Free,1-10,Australia
45,Morales Inc,2026-08-28,Pro,51-200,Canada
46,"Gardner, Reeves and Williams",2025-04-22,Pro,500+,USA
47,"Taylor, Ortiz and Park",2025-12-30,Pro,51-200,Australia
48,Miller-Taylor,2024-11-08,Starter,11-50,India
49,Castro Group,2026-02-25,Free,11-50,Canada
50,"Horn, Case and Haynes",2026-07-15,Enterprise,500+,USA
51,Campos-Yates,2025-01-30,Starter,201-500,USA
52,Hendricks-Williams,2026-06-17,Free,51-200,UK
53,"Crane, Lewis and Stewart",2025-04-24,Free,11-50,Canada
54,Atkins-Meza,2026-05-24,Enterprise,1-10,Australia
55,Salinas Inc,2026-08-29,Starter,1-10,Canada
56,"Martinez, Vincent and Anderson",2026-06-06,Pro,11-50,Australia
57,Gregory PLC,2025-01-12,Starter,500+,India
58,Barr-Salazar,2026-08-21,Free,500+,Germany
59,Adkins-Hall,2026-02-17,Enterprise,500+,Australia
60,Rios and Sons,2025-12-14,Starter,51-200,Germany
61,"Washington, Potter and Patterson",2026-07-19,Enterprise,51-200,Germany
62,Nguyen-Cervantes,2026-02-08,Pro,201-500,USA
63,Dougherty Group,2025-07-15,Free,1-10,UK
64,Blair Ltd,2024-10-14,Free,500+,India
65,Reed-Wang,2026-05-11,Starter,1-10,USA
66,"Perez, Myers and Campbell",2026-03-29,Pro,1-10,India
67,"Shea, Miller and Buchanan",2025-10-07,Free,1-10,UK
68,Williams PLC,2025-07-30,Free,11-50,UK
69,"Clark, Franklin and Sullivan",2026-08-18,Starter,11-50,Canada
70,Young LLC,2026-05-08,Free,500+,Canada
71,"Dalton, Long and Jones",2025-09-23,Starter,201-500,Germany
72,Jackson Inc,2025-01-04,Free,1-10,Australia
73,"Walker, Booker and Hart",2026-06-26,Starter,201-500,Germany
74,"Herrera, Johnson and Cox",2026-07-26,Starter,1-10,Australia
75,"Williams, Clark and Allen",2026-04-01,Starter,1-10,USA
76,"Holmes, Kerr and Lucas",2025-09-20,Starter,51-200,USA
77,"Garcia, Valdez and Wiley",2024-11-17,Free,11-50,Canada
78,"Herrera, Frey and Zuniga",2025-11-17,Starter,201-500,India
79,"Rivera, Goodwin and Sanchez",2025-05-13,Free,11-50,USA
80,Lopez-Elliott,2025-04-01,Starter,500+,USA
81,"Meyer, Frey and Morse",2025-03-06,Free,500+,USA
82,Simmons LLC,2026-08-06,Enterprise,11-50,India
83,"Monroe, Horn and Gray",2026-04-19,Starter,201-500,India
84,Singh-Jackson,2025-04-04,Pro,1-10,India
85,Smith LLC,2025-03-05,Free,201-500,UK
86,Luna-Arnold,2025-08-15,Enterprise,201-500,UK
87,"Sanchez, Luna and Pittman",2024-11-03,Starter,500+,Australia
88,Mcbride Group,2025-06-15,Pro,11-50,India
89,Butler-Singh,2025-03-18,Free,1-10,Canada
90,"Brandt, Smith and Dean",2025-08-01,Pro,1-10,Australia
91,Ortega-Payne,2025-02-22,Free,1-10,Canada
92,"Wood, Reyes and Rodriguez",2025-09-02,Starter,500+,India
93,Mccall Group,2025-03-02,Free,500+,USA
94,Davila and Sons,2025-04-04,Pro,1-10,Canada
95,Anderson LLC,2025-05-27,Free,11-50,Germany
96,Hill Group,2024-10-09,Free,500+,India
97,"Mcdaniel, Chung and Vaughn",2025-03-01,Starter,1-10,Canada
98,"Scott, Wagner and Novak",2025-11-27,Free,500+,Canada
99,Garcia LLC,2025-09-06,Starter,51-200,India
100,Evans-Mathis,2026-06-27,Starter,51-200,India
101,"Green, Green and Murray",2025-04-27,Free,11-50,Australia
102,"Lane, Silva and Wilkins",2026-04-14,Starter,201-500,UK
103,Phillips Group,2026-04-01,Enterprise,1-10,USA
104,Sutton Group,2025-01-02,Starter,500+,USA
105,Mccullough Inc,2025-01-28,Free,11-50,Canada
106,Hudson-Miller,2025-06-10,Free,51-200,USA
107,King Ltd,2024-09-18,Pro,51-200,UK
108,Perez Ltd,2025-06-11,Free,500+,Australia
109,Wright-Delgado,2025-02-01,Free,500+,USA
110,Gonzalez Inc,2026-06-11,Starter,500+,UK
111,"Burgess, Jackson and Edwards",2026-08-23,Enterprise,1-10,India
112,Fleming-Stone,2026-06-25,Free,1-10,Australia
113,"Maynard, Jones and Knight",2026-03-26,Starter,51-200,UK
114,"Williams, Blackwell and Stewart",2026-04-06,Starter,51-200,India
115,Perry and Sons,2024-11-24,Starter,51-200,Canada
116,Stone Group,2025-07-03,Starter,1-10,USA
117,Blair LLC,2026-07-21,Starter,51-200,USA
118,"Larson, Ramos and Little",2025-09-12,Free,11-50,Australia
119,"Hahn, Barton and Yu",2025-05-09,Enterprise,11-50,Australia
120,Miller LLC,2025-02-25,Starter,201-500,Canada
121,Roy and Sons,2025-12-21,Free,1-10,Australia
122,Thompson and Sons,2025-07-14,Enterprise,500+,USA
123,Mckee-Payne,2026-04-01,Pro,500+,Canada
124,Warner Group,2025-10-26,Free,11-50,USA
125,Jenkins Ltd,2025-06-18,Free,1-10,UK
126,Garcia Ltd,2025-01-31,Free,11-50,Australia
127,"Freeman, Lawrence and Murillo",2025-10-01,Free,500+,Germany
128,Dalton Inc,2026-07-04,Enterprise,11-50,India
129,Stanley Inc,2025-02-24,Pro,11-50,Germany
130,Gutierrez Group,2026-03-04,Free,51-200,Germany
131,Harrison Inc,2026-03-14,Pro,11-50,UK
132,Dodson LLC,2024-11-13,Free,1-10,Germany
133,Gutierrez-Brown,2026-01-08,Pro,201-500,India
134,"Ortiz, Wright and Garcia",2025-11-22,Free,201-500,UK
135,"Martinez, Ritter and Dominguez",2024-09-29,Free,11-50,India
136,"Murray, Blanchard and Kelly",2025-06-19,Free,11-50,Germany
137,Prince PLC,2025-02-22,Free,1-10,UK
138,Daniels-Sanchez,2026-04-01,Free,500+,Germany
139,Smith-Green,2025-08-10,Starter,500+,UK
140,Gallegos-Conley,2026-03-12,Enterprise,1-10,UK
141,Dunn Ltd,2025-05-15,Free,51-200,USA
142,"Anderson, Jefferson and Wilson",2025-02-23,Free,201-500,UK
143,"Franklin, Smith and Schmidt",2026-03-27,Pro,51-200,Germany
144,"Sims, King and Williams",2025-10-07,Starter,500+,USA
145,"Duarte, Long and Orr",2024-09-13,Free,500+,India
146,"Lopez, Lyons and Lewis",2025-02-21,Free,201-500,USA
147,Wright-Jones,2026-06-22,Starter,500+,Australia
148,"White, Simmons and Powell",2025-10-27,Pro,11-50,UK
149,"Morgan, Jones and Peterson",2025-06-13,Starter,51-200,Canada
150,King Inc,2026-03-19,Free,1-10,Australia
151,"Walsh, Hansen and Huber",2026-08-22,Enterprise,500+,UK
152,"Flynn, Jones and Armstrong",2024-09-28,Starter,51-200,Germany
153,Barton-Berry,2024-09-03,Starter,500+,India
154,Larson Group,2026-01-29,Free,201-500,Australia
155,Roth-Lewis,2026-07-14,Pro,11-50,Canada
156,Smith-Lopez,2026-04-14,Starter,201-500,Canada
157,"Martinez, Rangel and Abbott",2026-05-07,Pro,51-200,UK
158,"Brady, Harris and Cameron",2026-02-01,Free,500+,Canada
159,Parrish and Sons,2025-12-28,Starter,201-500,Germany
160,"Barrett, Buchanan and Campbell",2026-07-25,Starter,11-50,Canada
161,"Norman, Freeman and Padilla",2025-07-04,Starter,11-50,Australia
162,Harris Inc,2024-09-30,Free,500+,Australia
163,Houston Ltd,2026-08-20,Starter,51-200,USA
164,"Curry, Walker and Garcia",2026-01-03,Pro,11-50,Australia
165,"Baker, Maxwell and Pierce",2025-08-03,Free,11-50,India
166,Coleman Inc,2025-09-27,Free,11-50,Germany
167,"Shields, Wagner and Henry",2025-08-08,Starter,1-10,Germany
168,Kim-Joyce,2025-04-17,Starter,500+,India
169,Ruiz and Sons,2026-06-02,Pro,201-500,Germany
170,Hernandez-Rhodes,2025-01-03,Free,11-50,Australia
171,Silva Inc,2025-09-11,Starter,1-10,Germany
172,Holden-Robinson,2025-01-26,Free,500+,Germany
173,"Lewis, Carrillo and Fuller",2026-01-12,Free,11-50,USA
174,Brooks Inc,2026-01-20,Starter,201-500,Australia
175,Allen PLC,2025-07-06,Starter,500+,Canada
176,"Baker, Logan and Choi",2024-11-26,Free,201-500,Canada
177,Buchanan Group,2025-09-01,Pro,500+,Germany
178,Kline Group,2024-09-07,Pro,500+,Germany
179,Peters PLC,2026-07-30,Pro,201-500,Germany
180,Webb-Meza,2025-10-16,Free,11-50,Australia
181,Lin Ltd,2026-04-05,Free,500+,Germany
182,"Crawford, Wu and Pratt",2026-04-06,Starter,51-200,Germany
183,"Conner, Mercer and Morgan",2025-02-18,Free,51-200,India
184,"Durham, Johnson and Hines",2025-05-07,Free,51-200,Canada
185,"Phillips, Allison and Ford",2025-03-18,Free,11-50,India
186,Brown Inc,2025-11-27,Free,11-50,Australia
187,Johnson-Glover,2026-08-22,Free,201-500,Germany
188,"Shaffer, Zhang and Weber",2025-08-18,Free,201-500,Germany
189,Long-Martinez,2025-11-22,Free,201-500,Germany
190,"Perez, Thomas and Hess",2026-01-26,Enterprise,500+,Australia
191,Rose LLC,2024-10-29,Free,500+,Germany
192,"Gaines, Hall and Miller",2025-09-20,Starter,51-200,UK
193,Griffin-Buck,2025-08-10,Pro,201-500,Canada
194,Alvarez-Padilla,2024-11-12,Pro,500+,Canada
195,Cook-Jacobson,2025-03-22,Pro,201-500,India
196,"Burgess, Richmond and Thomas",2025-08-01,Free,201-500,USA
197,Smith-Golden,2025-04-06,Free,201-500,Australia
198,Smith Group,2025-04-20,Free,201-500,India
199,Gonzalez-Gonzales,2024-10-29,Enterprise,500+,USA
200,Brown Group,2025-08-05,Enterprise,500+,Canada
201,Poole-Washington,2025-09-25,Starter,1-10,Australia
202,Garrett-Davis,2025-08-25,Starter,201-500,India
203,"Williams, Thomas and Lee",2024-10-07,Free,201-500,UK
204,"Berry, Reed and Weaver",2025-06-20,Free,51-200,UK
205,Watts-Richards,2024-09-19,Pro,201-500,UK
206,Johnson and Sons,2025-04-29,Pro,201-500,UK
207,Richardson-Gibson,2026-02-04,Pro,201-500,USA
208,Roth Ltd,2026-08-01,Pro,1-10,UK
209,Ochoa-Stanton,2025-02-09,Free,1-10,Australia
210,"Heath, Perry and Bell",2025-06-17,Free,1-10,India
211,Lamb-Hardy,2025-10-02,Free,1-10,Canada
212,"Brown, Gallagher and Hughes",2026-07-29,Free,11-50,Germany
213,Graham-Craig,2025-07-14,Starter,500+,India
214,Rios Ltd,2025-08-04,Starter,51-200,UK
215,Anderson LLC,2026-05-12,Free,500+,Australia
216,"Russell, Crane and Miranda",2025-11-14,Pro,11-50,UK
217,"Hale, Torres and Lutz",2026-08-25,Free,1-10,UK
218,Stanley and Sons,2025-09-06,Starter,201-500,Germany
219,Gordon-Johnson,2025-05-14,Enterprise,11-50,USA
220,Woodard-Gutierrez,2026-08-18,Starter,11-50,USA
221,Nelson Inc,2024-10-06,Starter,51-200,Australia
222,Hoover-Mcdonald,2025-02-10,Starter,1-10,Canada
223,"Dominguez, Estes and Frank",2026-06-24,Pro,51-200,Canada
224,Becker Inc,2025-09-06,Starter,51-200,USA
225,West Group,2024-09-21,Starter,51-200,USA
226,Clements PLC,2026-07-21,Pro,201-500,USA
227,"Walker, Medina and Noble",2026-05-31,Starter,51-200,Australia
228,Johnson Ltd,2025-02-28,Pro,201-500,Australia
229,Beasley Group,2026-02-05,Free,11-50,Australia
230,Townsend Ltd,2025-01-04,Starter,51-200,Canada
231,Cohen-Dillon,2026-07-02,Pro,500+,Germany
232,"Graves, Brown and Johnston",2025-10-22,Starter,500+,UK
233,Davis LLC,2025-04-05,Free,11-50,USA
234,Steele LLC,2025-01-05,Free,201-500,India
235,"Rowe, Hunt and Newton",2025-12-21,Pro,500+,Canada
236,Morris-Ramsey,2024-10-15,Starter,51-200,USA
237,Elliott-Grimes,2025-07-12,Starter,51-200,India
238,Johnson and Sons,2025-04-02,Starter,51-200,UK
239,"Bender, Jordan and Robinson",2025-05-09,Free,500+,Australia
240,Martin-Duncan,2025-11-17,Pro,500+,USA
241,"Smith, Russell and Robinson",2025-04-09,Starter,11-50,USA
242,"Stark, Hinton and Dean",2026-05-20,Free,201-500,Germany
243,Pena Group,2024-12-12,Starter,11-50,Australia
244,"Bishop, Jones and Cook",2025-01-01,Starter,201-500,Germany
245,"Brown, Brown and Mcclain",2026-03-20,Pro,1-10,UK
246,Baker Group,2025-11-17,Free,11-50,UK
247,"Young, Jackson and Perkins",2024-09-12,Starter,51-200,Germany
248,Paul-Mccoy,2025-10-01,Starter,51-200,Germany
249,Jordan-Rodgers,2026-02-01,Enterprise,500+,UK
250,"Smith, Vega and Brown",2024-09-07,Free,201-500,UK
251,"Schultz, Garcia and Matthews",2025-11-08,Free,11-50,USA
252,"Brown, Young and Watkins",2025-09-06,Pro,51-200,USA
253,Frank-Daniel,2024-10-13,Pro,11-50,India
254,James LLC,2024-11-12,Free,201-500,UK
255,Shaw and Sons,2025-07-07,Pro,500+,Canada
256,"Martinez, Patterson and Summers",2026-06-09,Free,1-10,India
257,"Mccarthy, Santos and Weiss",2025-02-06,Free,51-200,India
258,Parks-Glover,2026-04-07,Free,500+,India
259,"Reid, Weaver and Carter",2025-02-06,Free,1-10,Canada
260,Schultz-Smith,2025-11-12,Free,11-50,Australia
261,Mckay-Long,2025-09-03,Pro,201-500,USA
262,"Mccall, Rich and Jones",2025-06-09,Pro,500+,UK
263,"Rogers, Fleming and Smith",2025-03-01,Starter,201-500,UK
264,"Gonzalez, Carter and Padilla",2025-07-17,Free,1-10,UK
265,"Chan, Roth and Cox",2025-12-09,Enterprise,201-500,USA
266,Becker-Thompson,2026-03-21,Pro,201-500,Germany
267,Bullock Inc,2025-10-12,Free,1-10,India
268,Conner and Sons,2025-12-08,Free,500+,UK
269,Barron PLC,2025-12-11,Free,11-50,USA
270,Rodriguez LLC,2026-04-18,Starter,201-500,Canada
271,Gardner-Elliott,2026-07-31,Starter,500+,India
272,"Williams, Strickland and Patton",2025-10-30,Pro,201-500,Germany
273,"Adams, Flores and Allen",2025-07-29,Enterprise,51-200,Canada
274,"Gray, Booth and Johnston",2026-04-08,Enterprise,51-200,Canada
275,Powell-Dunlap,2025-03-14,Starter,500+,Australia
276,"Walker, Norton and Trevino",2025-07-03,Free,11-50,Australia
277,Massey-Brewer,2026-03-15,Free,1-10,India
278,Phillips Ltd,2024-09-26,Free,500+,USA
279,Kemp LLC,2025-04-24,Free,201-500,Germany
280,Pham-Wood,2025-03-24,Starter,201-500,UK
281,Mccormick LLC,2025-12-12,Free,51-200,Australia
282,Williams Ltd,2024-12-01,Free,201-500,USA
283,Norman-Lee,2025-09-09,Starter,51-200,Australia
284,Keller-Wyatt,2026-06-30,Starter,11-50,Germany
285,"Dickerson, Fowler and Walters",2026-04-19,Free,11-50,Australia
286,Zimmerman Ltd,2026-01-25,Free,51-200,India
287,Mason Group,2025-12-29,Free,11-50,UK
288,Young PLC,2025-08-11,Starter,500+,UK
289,"Pittman, Nunez and Hill",2026-05-05,Starter,201-500,Australia
290,Ortiz-Allison,2026-06-07,Free,201-500,UK
291,"Cameron, Hall and Miller",2025-09-20,Starter,201-500,Germany
292,Buck-Woodard,2026-07-31,Free,1-10,Germany
293,"Harris, Garcia and Martin",2026-01-05,Pro,500+,UK
294,"Jackson, Morris and Kelly",2025-02-10,Free,11-50,Australia
295,"Castillo, Cross and Johnson",2026-06-03,Pro,500+,Canada
296,Richardson-Contreras,2024-10-05,Enterprise,51-200,Canada
297,White Group,2025-05-19,Free,11-50,Germany
298,Burch Ltd,2025-02-09,Starter,201-500,UK
299,"Cook, Fuller and Spencer",2025-04-09,Free,500+,Germany
300,"Montes, Howell and Carpenter",2026-08-18,Starter,201-500,USA
301,Bridges Inc,2025-05-25,Starter,201-500,UK
302,Jackson Group,2025-11-12,Free,1-10,India
303,"Golden, Rogers and Flores",2025-05-14,Free,201-500,UK
304,Hess Ltd,2026-02-02,Starter,201-500,Canada
305,"Webb, Gutierrez and Johnson",2025-05-18,Free,1-10,UK
306,Khan PLC,2026-03-27,Free,1-10,Germany
307,"Bruce, Miller and Scott",2026-06-08,Pro,1-10,Australia
308,Ashley-Evans,2025-07-04,Pro,201-500,Germany
309,"Nguyen, Hampton and Anderson",2025-02-15,Free,500+,UK
310,"Gallegos, Reid and Williams",2024-12-17,Starter,201-500,Australia
311,Lewis-Johnson,2025-03-18,Starter,1-10,India
312,"Salas, Moody and Jones",2026-07-24,Free,11-50,UK
313,Bruce Group,2026-08-23,Starter,201-500,USA
314,Wright and Sons,2025-08-09,Free,500+,India
315,"Pittman, Young and Fisher",2026-04-22,Pro,51-200,Canada
316,Wood Inc,2025-08-12,Free,201-500,USA
317,"Young, Gray and Brown",2025-01-09,Free,1-10,Germany
318,"Hoffman, Terry and Evans",2025-04-11,Enterprise,11-50,Germany
319,"Simon, Gay and Williamson",2025-03-13,Enterprise,51-200,Canada
320,Mitchell LLC,2024-11-21,Pro,201-500,Germany
321,Parker PLC,2024-10-25,Enterprise,11-50,Germany
322,"Fields, Pittman and Hughes",2025-01-01,Starter,201-500,India
323,"Hale, Gibbs and Guerrero",2025-05-26,Enterprise,500+,Australia
324,"Miller, Martin and Hall",2025-04-16,Pro,1-10,UK
325,Griffith Group,2025-09-23,Pro,201-500,UK
326,Ellis-Nicholson,2025-09-22,Enterprise,500+,UK
327,Johnson Ltd,2025-11-12,Pro,51-200,Australia
328,"Howard, Fisher and Howard",2026-01-07,Free,500+,Canada
329,Hood-Huynh,2024-11-28,Enterprise,201-500,India
330,Jackson-Black,2026-08-03,Starter,201-500,UK
331,Reed-Hall,2025-02-14,Free,500+,Germany
332,"Stanley, Irwin and Garcia",2026-07-17,Starter,51-200,India
333,Morris-Gray,2025-04-17,Enterprise,11-50,Canada
334,"Gray, Bailey and Cunningham",2026-05-28,Free,201-500,USA
335,White and Sons,2026-08-06,Free,201-500,Australia
336,Cain-Moon,2024-11-24,Enterprise,201-500,Germany
337,Rivera-Hernandez,2025-05-26,Enterprise,11-50,Germany
338,"Thomas, Mays and Knapp",2025-11-17,Enterprise,11-50,Canada
339,Davis-Cook,2024-10-05,Enterprise,51-200,USA
340,White-Cunningham,2025-11-18,Pro,201-500,USA
341,"Taylor, Tran and Miller",2024-12-25,Starter,201-500,USA
342,"Miller, Johnson and Thomas",2025-03-18,Pro,201-500,Australia
343,Walker-Pruitt,2025-11-16,Enterprise,1-10,Germany
344,Mckenzie and Sons,2025-06-01,Pro,51-200,UK
345,"Anderson, Sosa and Adams",2024-11-15,Starter,201-500,Australia
346,Evans PLC,2024-10-31,Free,51-200,Australia
347,"Porter, Hernandez and Wallace",2026-05-12,Pro,201-500,UK
348,"Soto, Rodriguez and Stout",2024-11-18,Starter,201-500,Canada
349,"Brown, Collins and Wilson",2024-11-23,Free,1-10,India
350,Phillips Ltd,2025-12-29,Starter,51-200,India
351,Flores LLC,2026-06-11,Pro,201-500,USA
352,Melendez and Sons,2025-05-31,Pro,1-10,Germany
353,"Gonzales, Reed and Barajas",2025-09-16,Free,51-200,USA
354,Pugh LLC,2025-03-04,Free,1-10,UK
355,Johnson-Young,2025-10-30,Free,201-500,India
356,Contreras-Palmer,2025-05-31,Free,201-500,Canada
357,Holland-Hicks,2025-02-16,Starter,11-50,India
358,Nguyen-Jordan,2025-11-20,Free,500+,Germany
359,Wolfe-Vincent,2024-09-27,Starter,11-50,Germany
360,Green Ltd,2025-08-22,Enterprise,11-50,India
361,Garner-Williams,2026-01-10,Starter,51-200,Germany
362,"Knox, Miller and Hurst",2024-09-11,Free,1-10,Germany
363,"Williams, Frederick and Garcia",2026-01-10,Enterprise,500+,India
364,Santana-Spence,2026-07-13,Free,51-200,Canada
365,Campbell-Price,2025-07-31,Free,201-500,Australia
366,"Beltran, Le and Christensen",2025-04-23,Free,51-200,India
367,Castro Ltd,2026-03-24,Enterprise,201-500,USA
368,Franklin-Miranda,2026-01-30,Free,500+,UK
369,Nichols Ltd,2025-07-04,Starter,51-200,USA
370,Powell Inc,2024-11-11,Enterprise,201-500,UK
371,"Warner, Rodriguez and Lynn",2025-06-30,Free,1-10,Canada
372,"Allen, White and Vargas",2025-08-18,Pro,51-200,India
373,Kirk-Myers,2025-03-07,Starter,51-200,India
374,"Johnson, Lara and Underwood",2024-11-17,Starter,500+,UK
375,Roberts and Sons,2024-09-26,Starter,11-50,Australia
376,Webb Inc,2025-04-26,Free,1-10,UK
377,Oconnor-Keller,2025-11-25,Pro,1-10,Canada
378,Hunter and Sons,2025-01-13,Free,11-50,USA
379,"Brown, Johnson and Diaz",2026-02-28,Enterprise,51-200,Australia
380,"Hamilton, Martinez and Flowers",2025-10-03,Starter,11-50,India
381,Joseph-Austin,2025-12-25,Pro,51-200,Canada
382,Bright-Gonzalez,2025-07-20,Starter,51-200,India
383,Martin-Dickerson,2024-10-30,Free,201-500,UK
384,Villa PLC,2025-04-15,Pro,51-200,USA
385,Miller Group,2025-02-13,Starter,1-10,India
386,"Walker, Wilson and Owens",2025-09-24,Pro,11-50,Australia
387,Hayes-White,2025-05-04,Pro,201-500,Canada
388,"Small, Carr and Santos",2026-03-20,Free,201-500,USA
389,"Gomez, Hall and Miller",2025-03-21,Free,1-10,Germany
390,Mccormick-Dyer,2026-02-02,Free,51-200,Canada
391,"Wong, Morris and Christensen",2025-07-10,Free,51-200,USA
392,Snyder PLC,2025-09-26,Starter,201-500,USA
393,"Johnson, Matthews and Davis",2025-12-18,Starter,500+,UK
394,Walker-Sexton,2025-02-22,Enterprise,11-50,Australia
395,"Davis, Smith and Jackson",2026-08-22,Free,201-500,Australia
396,Torres-Roberts,2026-01-12,Free,201-500,USA
397,"Lopez, Solomon and Mccarthy",2025-12-13,Free,1-10,UK
398,"Gilmore, Sandoval and Barron",2024-12-29,Enterprise,1-10,USA
399,Lopez-Doyle,2025-01-14,Free,500+,India
400,Smith Inc,2026-02-15,Free,51-200,Australia
401,"Franklin, Davis and Brown",2025-10-03,Enterprise,500+,Germany
402,Rivera LLC,2026-02-14,Starter,11-50,Germany
403,Jones Ltd,2025-04-24,Starter,201-500,Canada
404,"Robinson, Sanchez and Cannon",2024-10-12,Starter,51-200,USA
405,"Webster, Gibson and Miller",2025-11-02,Starter,11-50,Germany
406,Ray-Palmer,2025-01-07,Starter,11-50,UK
407,Edwards Group,2025-07-22,Free,51-200,Canada
408,"Jordan, Dunn and Wright",2025-07-25,Enterprise,51-200,USA
409,Taylor Inc,2024-10-29,Free,11-50,USA
410,Velasquez PLC,2025-08-07,Enterprise,201-500,USA
411,"Reed, Moore and Williams",2024-09-26,Starter,500+,USA
412,Williams-Ramsey,2024-10-10,Free,51-200,India
413,Herring-Dixon,2026-03-13,Enterprise,500+,India
414,"Williams, Castro and Owens",2025-11-12,Free,500+,India
415,Lee-Green,2025-07-22,Starter,11-50,UK
416,Tate LLC,2026-01-06,Pro,500+,USA
417,"Dean, Cox and Greer",2026-08-02,Free,11-50,India
418,Wu Group,2025-04-24,Starter,11-50,USA
419,Garcia Ltd,2025-02-25,Starter,1-10,India
420,Brown Ltd,2025-05-19,Free,11-50,Canada
421,Ballard Ltd,2026-08-04,Free,11-50,UK
422,Howard PLC,2026-04-11,Free,201-500,Canada
423,Johnson-Weaver,2025-08-25,Free,1-10,Germany
424,Taylor-Lowery,2025-10-08,Starter,51-200,Canada
425,Johnson Inc,2025-09-20,Starter,201-500,Canada
426,"Cruz, Morris and Jackson",2026-01-03,Free,500+,USA
427,Smith-Hill,2025-06-24,Pro,500+,UK
428,"Cole, Gilbert and Eaton",2025-07-19,Starter,1-10,USA
429,"Kennedy, Schwartz and Vasquez",2026-05-28,Enterprise,201-500,Germany
430,James PLC,2026-01-15,Starter,201-500,Australia
431,Carlson-Lee,2025-09-26,Enterprise,1-10,USA
432,"Gonzales, Flores and Bentley",2025-09-26,Free,11-50,USA
433,George Inc,2025-12-19,Free,500+,Australia
434,Stevens-Price,2026-02-17,Starter,51-200,Germany
435,Mckinney-Potts,2026-02-23,Enterprise,500+,UK
436,Jones-Hansen,2025-08-05,Starter,500+,Germany
437,Manning-Hull,2026-08-14,Free,1-10,Australia
438,"Smith, Acosta and Wagner",2025-10-28,Starter,500+,Australia
439,Dunn and Sons,2025-05-24,Pro,201-500,Germany
440,Valdez-Mora,2026-06-02,Pro,201-500,UK
441,Ramirez LLC,2026-04-20,Pro,201-500,Germany
442,Sandoval-Barrett,2025-09-09,Pro,51-200,Germany
443,Lopez-Miles,2025-02-08,Free,51-200,UK
444,Montes-Hopkins,2026-07-08,Enterprise,201-500,USA
445,"Wilson, Watson and Callahan",2024-10-13,Free,1-10,USA
446,Hensley-Robinson,2026-07-04,Starter,51-200,India
447,Kirby-Stewart,2026-07-19,Starter,500+,Canada
448,Foster-Pratt,2025-11-19,Starter,1-10,Germany
449,"Contreras, Gonzalez and Thompson",2024-10-27,Free,201-500,Australia
450,Hodge Ltd,2025-10-09,Free,51-200,Canada
451,Gomez LLC,2026-01-04,Free,1-10,Canada
452,"Petty, Strickland and Taylor",2024-09-01,Starter,11-50,Australia
453,"Delgado, Lynn and Jones",2025-11-15,Starter,1-10,UK
454,Thomas LLC,2025-06-20,Pro,51-200,USA
455,Arias-Gutierrez,2025-01-23,Pro,500+,India
456,Bryant-Mendoza,2025-09-15,Pro,500+,Canada
457,"Lawson, Medina and Brown",2026-03-24,Starter,500+,USA
458,Perez-Smith,2026-05-30,Starter,51-200,USA
459,Mathis-Charles,2026-03-20,Free,51-200,UK
460,Abbott LLC,2025-05-10,Free,11-50,India
461,Flores-Perez,2025-11-24,Starter,201-500,USA
462,"Davis, Diaz and Santos",2025-05-31,Free,1-10,USA
463,Crane PLC,2025-02-14,Pro,11-50,Germany
464,Brown Ltd,2024-12-24,Starter,51-200,India
465,Johnson-Rodriguez,2025-08-22,Free,51-200,Canada
466,Perez-Andrews,2024-10-14,Starter,1-10,India
467,"Phillips, Austin and Lara",2025-06-21,Free,500+,USA
468,Velasquez Inc,2026-06-19,Starter,51-200,Germany
469,Garcia-Gordon,2025-01-01,Starter,201-500,Canada
470,Byrd Group,2024-09-06,Starter,51-200,India
471,Perez PLC,2025-06-06,Pro,1-10,UK
472,Randolph Ltd,2024-09-07,Starter,51-200,Australia
473,"Simon, Bryant and Martinez",2026-04-04,Starter,201-500,Canada
474,"Rodriguez, Rodgers and Robinson",2025-10-27,Starter,1-10,India
475,Walker LLC,2025-06-12,Free,500+,USA
476,Good and Sons,2026-01-04,Free,51-200,India
477,Lawson-Butler,2026-05-27,Pro,51-200,UK
478,"Montgomery, Maynard and Lee",2025-05-19,Free,1-10,Germany
479,Williams-Smith,2026-03-10,Pro,11-50,India
480,"Williams, Murray and Graham",2025-06-15,Free,11-50,Canada
481,Gross-Sanchez,2026-08-24,Starter,51-200,USA
482,"Larson, Mills and Gordon",2025-08-23,Free,1-10,Germany
483,Aguilar-Richardson,2026-05-03,Free,1-10,UK
484,Shea-Fletcher,2025-05-23,Starter,500+,Germany
485,Young-Austin,2026-08-26,Pro,201-500,UK
486,Allen Group,2026-08-22,Free,1-10,UK
487,"Young, Ross and Blankenship",2025-05-04,Free,500+,Germany
488,Larson-Schultz,2024-11-01,Pro,51-200,USA
489,Roberts-Huynh,2025-02-27,Starter,1-10,India
490,"Mendez, Miller and Gill",2026-03-04,Starter,201-500,Canada
491,Brown LLC,2026-03-29,Free,51-200,Australia
492,"Allen, Moreno and Jones",2026-07-06,Free,51-200,India
493,Brown-Warner,2025-05-12,Free,1-10,Canada
494,Torres-Simmons,2026-02-07,Starter,51-200,UK
495,Hebert LLC,2024-11-29,Pro,11-50,India
496,Harris and Sons,2025-09-08,Free,51-200,India
497,Leach-Arnold,2025-11-20,Free,11-50,Australia
498,Espinoza Group,2026-05-16,Free,201-500,Germany
499,Grant PLC,2026-08-26,Pro,500+,Germany
500,Alexander-Williams,2025-12-27,Starter,500+,Australia
501,Ellison LLC,2026-02-14,Starter,500+,UK
502,"Cantu, Reynolds and Long",2026-01-26,Pro,51-200,India
503,Miller Ltd,2026-06-04,Starter,201-500,Germany
504,"Pham, Hart and Smith",2025-12-17,Starter,51-200,Canada
505,Diaz-Stone,2025-01-17,Free,500+,USA
506,"Francis, Welch and Duncan",2025-12-19,Free,201-500,USA
507,Boone-Davis,2024-12-27,Free,51-200,USA
508,Walker LLC,2025-03-02,Starter,1-10,Canada
509,Foster PLC,2026-05-17,Starter,201-500,Germany
510,"Daniel, Lopez and Watson",2025-03-30,Starter,1-10,Germany
511,Sullivan Group,2025-11-08,Enterprise,500+,Australia
512,Brown-Cameron,2026-06-18,Free,500+,Germany
513,Garcia-Johnson,2025-02-24,Starter,1-10,Germany
514,Diaz Ltd,2025-02-20,Free,51-200,Australia
515,"Pena, White and Jennings",2026-03-11,Free,11-50,USA
516,Newton-Brown,2024-10-24,Free,201-500,Germany
517,Lopez Group,2025-08-04,Starter,500+,India
518,"Lopez, Lynch and Bell",2026-06-04,Free,51-200,Germany
519,Caldwell-Cross,2025-03-21,Starter,51-200,Australia
520,Castaneda and Sons,2025-05-09,Starter,51-200,USA
521,Lopez-Love,2025-03-29,Free,500+,Australia
522,Gonzalez PLC,2026-02-10,Free,51-200,Australia
523,Baker Ltd,2026-02-24,Pro,500+,India
524,Franklin-Bell,2024-09-29,Free,500+,Australia
525,"Neal, Cook and Gonzalez",2026-06-15,Free,51-200,UK
526,Miller-Chung,2025-03-18,Enterprise,201-500,India
527,"Clayton, Holden and Petersen",2025-06-26,Starter,1-10,UK
528,"Hall, Garcia and Pierce",2025-09-08,Starter,51-200,India
529,Wade-Cummings,2026-07-14,Starter,500+,USA
530,Bryant-Burns,2025-01-23,Starter,201-500,Canada
531,"Murillo, Rogers and Hernandez",2025-04-01,Free,51-200,UK
532,"Sullivan, Luna and Thomas",2026-07-22,Free,11-50,UK
533,Mueller LLC,2026-07-03,Enterprise,201-500,India
534,Price Inc,2025-05-30,Free,11-50,India
535,Garcia Group,2025-11-05,Free,1-10,Canada
536,Reed LLC,2025-09-13,Pro,500+,USA
537,Diaz-Hawkins,2025-12-30,Starter,500+,India
538,"King, Lane and Trevino",2024-09-05,Starter,11-50,India
539,"Macias, Lindsey and Hardy",2026-07-09,Free,500+,India
540,"Sullivan, Wilson and Romero",2026-05-29,Pro,1-10,Germany
541,Miller Ltd,2025-09-25,Free,11-50,Germany
542,Davidson and Sons,2025-08-13,Starter,201-500,India
543,"Walsh, Morris and Allen",2026-08-03,Starter,51-200,Germany
544,Flores LLC,2026-05-03,Enterprise,11-50,UK
545,"Williams, Gibbs and Durham",2024-11-08,Starter,500+,Germany
546,"Lee, Roman and Reyes",2025-08-05,Starter,51-200,Germany
547,Lewis-Terry,2026-01-19,Starter,201-500,India
548,Reynolds Inc,2026-08-27,Pro,500+,India
549,"White, Miranda and Rodriguez",2025-02-28,Pro,1-10,Australia
550,Young Ltd,2026-01-01,Starter,51-200,Canada
551,Meyer-Valenzuela,2025-01-12,Enterprise,500+,USA
552,Rivera-Mullen,2025-07-08,Free,11-50,UK
553,"Gonzalez, Green and Mora",2025-02-25,Starter,500+,India
554,Cox and Sons,2024-09-06,Pro,1-10,India
555,Nguyen-Hines,2026-02-17,Pro,51-200,USA
556,"Espinoza, Norris and Scott",2025-12-02,Starter,201-500,Canada
557,"Cox, Aguirre and Rodgers",2025-09-19,Free,201-500,USA
558,Young PLC,2025-12-30,Free,1-10,UK
559,Foley-Williams,2026-06-13,Enterprise,51-200,India
560,Rowland-Morales,2024-09-12,Free,51-200,Germany
561,Collins PLC,2025-01-27,Starter,11-50,Australia
562,Wood-Hernandez,2026-07-19,Starter,500+,USA
563,"Reed, Stewart and Wilson",2025-06-01,Enterprise,1-10,UK
564,Carter Group,2025-11-04,Free,11-50,Canada
565,"Torres, Henderson and Miranda",2024-10-31,Enterprise,500+,Canada
566,"Woods, Parker and Stewart",2025-10-13,Starter,51-200,India
567,White Inc,2026-07-04,Free,1-10,India
568,Clayton Group,2025-12-08,Starter,500+,Germany
569,"Bailey, Taylor and Richardson",2025-01-02,Free,201-500,Canada
570,"Lang, Newman and Horton",2025-12-26,Starter,500+,Canada
571,"Estrada, Kennedy and Baker",2025-05-22,Free,11-50,UK
572,Parsons-Chan,2024-10-01,Starter,500+,UK
573,Fry-Gilbert,2026-02-22,Free,201-500,India
574,"Walters, Stevens and Parker",2024-09-09,Starter,1-10,Canada
575,"Brock, Garcia and Medina",2025-08-22,Enterprise,1-10,Canada
576,Griffin-Preston,2026-04-17,Starter,500+,Canada
577,Yang Ltd,2025-07-07,Free,201-500,USA
578,Hickman-Stevenson,2026-07-15,Starter,51-200,UK
579,Russell-Leon,2026-04-18,Pro,51-200,USA
580,"Foster, Lewis and Mcmillan",2026-06-12,Free,1-10,Canada
581,Dunn-Hall,2025-04-15,Pro,51-200,India
582,Johnston-Richardson,2026-09-01,Free,500+,UK
583,Martinez-Pearson,2025-04-03,Pro,11-50,Australia
584,Arroyo-Cook,2025-09-17,Starter,201-500,Australia
585,Weaver and Sons,2025-08-04,Free,11-50,USA
586,Wells LLC,2026-07-07,Pro,201-500,USA
587,Pham-Collins,2024-10-02,Free,1-10,India
588,Romero Ltd,2025-02-14,Pro,51-200,UK
589,Long Inc,2025-08-08,Starter,500+,Germany
590,"Rogers, Mendoza and Conway",2025-06-09,Free,11-50,UK
591,Torres-Johnson,2025-03-03,Free,1-10,Australia
592,Harper LLC,2026-07-27,Free,1-10,UK
593,"Brewer, Medina and Rowe",2025-08-21,Starter,201-500,Australia
594,Elliott Ltd,2026-03-19,Starter,201-500,UK
595,Benitez LLC,2025-05-30,Enterprise,201-500,Australia
596,Fischer-Cook,2025-02-13,Starter,500+,UK
597,"Romero, Cobb and Taylor",2026-04-10,Pro,201-500,USA
598,Walker-Humphrey,2026-07-07,Starter,11-50,Canada
599,Butler Ltd,2024-09-26,Free,1-10,USA
600,Walsh-Martinez,2024-12-15,Free,51-200,UK
601,Brown and Sons,2024-10-19,Starter,201-500,India
602,Shelton PLC,2025-05-03,Starter,51-200,Germany
603,Smith-Werner,2026-07-23,Free,51-200,Canada
604,West Ltd,2025-01-08,Enterprise,51-200,Australia
605,Barber-Hancock,2024-11-19,Enterprise,1-10,USA
606,Thompson-Cox,2024-11-25,Starter,201-500,UK
607,Smith-Chavez,2026-03-04,Starter,11-50,USA
608,Johnson PLC,2025-03-15,Free,500+,Australia
609,Rodriguez-Thornton,2026-05-28,Pro,1-10,India
610,"Smith, Taylor and Rojas",2025-04-16,Free,51-200,UK
611,Pruitt-Diaz,2026-06-11,Free,500+,USA
612,Warren-Johnson,2026-05-18,Starter,201-500,UK
613,Carter Group,2026-05-14,Free,1-10,Canada
614,"Henderson, Parrish and Hayden",2026-01-17,Free,51-200,Germany
615,Moore-Best,2025-02-11,Free,51-200,India
616,Hampton-Kennedy,2026-03-02,Enterprise,1-10,Australia
617,Pope Ltd,2026-08-29,Free,500+,Germany
618,Best-Thompson,2025-08-16,Enterprise,1-10,UK
619,"Choi, Campos and Hernandez",2025-02-19,Pro,201-500,India
620,Bridges-Parrish,2024-11-09,Enterprise,51-200,Australia
621,Hill and Sons,2026-01-05,Enterprise,201-500,India
622,"Hebert, Chapman and Tucker",2025-05-11,Free,1-10,Germany
623,Tanner and Sons,2026-02-20,Free,201-500,USA
624,"Greene, Webb and Medina",2025-10-28,Pro,51-200,Australia
625,Jones PLC,2025-02-04,Free,1-10,Canada
626,Arroyo-Martinez,2025-11-06,Starter,51-200,India
627,Chandler-Fields,2025-09-20,Pro,11-50,UK
628,Cole LLC,2024-09-29,Starter,1-10,India
629,Peters Inc,2024-12-06,Pro,11-50,Germany
630,Curry-Park,2026-01-31,Free,500+,Canada
631,"Mosley, Price and Rasmussen",2025-04-18,Free,500+,India
632,Reed-Savage,2024-09-06,Starter,1-10,USA
633,"Floyd, Schwartz and Calderon",2024-11-09,Free,201-500,Canada
634,Stevenson Group,2024-09-08,Starter,201-500,Canada
635,"Taylor, Ortiz and Monroe",2026-07-01,Free,51-200,Australia
636,Bell-Watts,2024-12-20,Free,201-500,Australia
637,Richardson Group,2025-11-02,Starter,11-50,Canada
638,"Stewart, Snyder and Oneal",2025-08-19,Starter,11-50,India
639,Cobb PLC,2025-12-25,Starter,1-10,USA
640,"Hill, Rios and Johnson",2025-01-10,Starter,51-200,India
641,Gonzalez-Hughes,2026-01-02,Free,11-50,UK
642,"Rivera, Herrera and Robles",2025-02-12,Enterprise,500+,UK
643,"Davis, Cordova and Taylor",2025-03-07,Pro,51-200,India
644,Perez Ltd,2026-06-16,Starter,500+,UK
645,Casey and Sons,2025-11-15,Free,51-200,Canada
646,Lewis PLC,2025-11-26,Starter,500+,Australia
647,"Moyer, Rosario and Cabrera",2024-11-06,Free,500+,India
648,Lam-Turner,2025-05-03,Free,500+,Australia
649,"Adams, Bender and Tucker",2025-10-17,Enterprise,51-200,Canada
650,Bates PLC,2024-12-04,Free,1-10,USA
651,Black Group,2025-07-26,Free,500+,UK
652,Moore Ltd,2026-05-25,Starter,500+,Germany
653,"Green, Flores and Gonzalez",2026-01-28,Starter,1-10,Germany
654,Martin-Ross,2026-05-07,Pro,500+,UK
655,Lopez LLC,2025-08-03,Starter,51-200,Germany
656,Andrade-Smith,2025-01-24,Free,201-500,UK
657,"Bautista, Perez and Gregory",2026-05-27,Starter,1-10,India
658,Smith-Hernandez,2025-03-03,Starter,201-500,Germany
659,"Spencer, Holloway and Stark",2025-12-03,Free,500+,India
660,Alexander Group,2025-08-22,Free,51-200,Australia
661,Miller Ltd,2026-05-31,Enterprise,51-200,Germany
662,Anderson Inc,2025-01-24,Free,51-200,Canada
663,"Ryan, Smith and Brown",2025-12-31,Starter,51-200,India
664,"Bennett, Williams and Kramer",2025-10-18,Starter,51-200,Germany
665,"Pittman, Garcia and Miller",2026-05-28,Free,1-10,USA
666,Kennedy Inc,2025-11-16,Free,201-500,Canada
667,Mitchell Inc,2025-05-31,Starter,11-50,UK
668,Walker-Martinez,2025-10-18,Enterprise,51-200,India
669,"Leonard, Smith and Mcclure",2025-10-29,Pro,201-500,Canada
670,Bailey-Valenzuela,2025-12-18,Starter,51-200,Germany
671,Savage-Castaneda,2025-04-18,Free,201-500,Canada
672,Brown LLC,2026-08-14,Starter,11-50,India
673,"Harvey, Parker and Carter",2025-05-13,Starter,1-10,USA
674,Meyer-Morris,2025-03-08,Free,500+,Australia
675,"Calhoun, Elliott and Snyder",2025-02-26,Starter,51-200,Canada
676,Flores-Robles,2025-03-31,Free,1-10,Germany
677,Carroll Inc,2026-08-27,Free,51-200,Australia
678,Hebert-Craig,2026-02-15,Free,201-500,UK
679,Ellis-Carroll,2025-05-04,Free,1-10,Canada
680,Ross and Sons,2026-06-26,Starter,51-200,Canada
681,"Brown, Lucas and Ferguson",2025-12-16,Free,201-500,Canada
682,Huang-Chan,2025-09-20,Starter,500+,UK
683,Gibson and Sons,2025-04-07,Pro,500+,Australia
684,Moore Group,2025-09-02,Starter,11-50,USA
685,Macias-Boyd,2026-03-12,Free,51-200,Canada
686,Anthony Inc,2024-09-18,Enterprise,11-50,India
687,Ramos-Fletcher,2024-09-11,Starter,201-500,Canada
688,"Swanson, Martin and Morris",2026-07-05,Free,1-10,India
689,Gonzalez-Mendoza,2025-11-24,Pro,201-500,Canada
690,Bates-Chapman,2025-10-08,Starter,500+,Canada
691,Duncan Inc,2025-04-23,Free,500+,UK
692,Baldwin and Sons,2026-02-07,Free,500+,Australia
693,Hale PLC,2025-08-29,Pro,500+,UK
694,Evans Ltd,2024-12-10,Starter,500+,Canada
695,Navarro-Ferguson,2025-07-26,Starter,500+,UK
696,Fisher-Bradley,2025-04-09,Starter,1-10,UK
697,Grant LLC,2026-04-10,Free,1-10,Germany
698,Ortiz Inc,2025-12-20,Starter,1-10,Canada
699,Lopez Group,2024-12-23,Starter,500+,Canada
700,Arnold Ltd,2026-03-27,Free,1-10,Canada
701,"Moore, Harrell and Smith",2026-04-13,Starter,500+,Australia
702,Bush-Flynn,2026-04-28,Pro,201-500,India
703,Kent-Gibson,2024-12-16,Pro,11-50,USA
704,"Spencer, Young and Green",2026-02-18,Starter,1-10,India
705,Finley Inc,2025-04-05,Free,51-200,Germany
706,Thompson LLC,2026-08-14,Free,11-50,Germany
707,Torres-Smith,2024-09-24,Starter,500+,Germany
708,Bell Ltd,2026-07-11,Pro,1-10,Australia
709,"Davis, Munoz and Landry",2025-09-30,Free,11-50,Canada
710,Welch-Morales,2026-05-02,Free,201-500,Canada
711,Watson Ltd,2026-06-01,Free,11-50,Germany
712,Liu and Sons,2025-04-29,Enterprise,51-200,Canada
713,Vargas-Walker,2026-06-13,Free,51-200,Canada
714,Jacobs Group,2024-12-13,Starter,11-50,UK
715,Zamora-Perez,2026-06-09,Starter,11-50,UK
716,Bonilla PLC,2024-11-29,Pro,11-50,Australia
717,"Jacobs, Gomez and Bender",2026-04-18,Pro,51-200,Germany
718,"Moore, Stevens and Adams",2024-10-05,Free,51-200,UK
719,Torres-Morrow,2026-01-30,Free,500+,Germany
720,Suarez-Hernandez,2024-11-20,Pro,201-500,UK
721,"Carey, Fisher and Smith",2024-12-26,Enterprise,11-50,UK
722,Miller PLC,2026-07-09,Free,1-10,UK
723,Oneill Ltd,2026-06-05,Enterprise,51-200,Australia
724,Smith-Allen,2025-01-24,Starter,11-50,Canada
725,Taylor-Forbes,2025-03-27,Free,500+,Australia
726,"Schmidt, Fletcher and Miles",2026-02-24,Free,1-10,Canada
727,Mcconnell-Daniels,2025-12-16,Pro,11-50,India
728,Newton-Gonzalez,2025-08-09,Free,500+,India
729,Hancock Inc,2025-06-24,Starter,1-10,USA
730,"Solis, Evans and Jones",2025-09-16,Starter,201-500,USA
731,Hodges-Armstrong,2026-08-25,Starter,11-50,USA
732,Douglas LLC,2025-08-04,Enterprise,11-50,Germany
733,Perry Group,2024-09-06,Starter,201-500,Germany
734,Carter-Fitzgerald,2026-01-10,Starter,51-200,UK
735,"Gilbert, Montes and Brown",2025-11-22,Free,1-10,USA
736,Hayes LLC,2025-01-22,Starter,11-50,Canada
737,Jones Inc,2024-10-23,Pro,1-10,India
738,White-Bishop,2026-07-25,Starter,11-50,USA
739,Nelson LLC,2025-04-18,Enterprise,201-500,Germany
740,Casey-Cline,2025-03-31,Free,51-200,USA
741,Houston and Sons,2025-01-28,Free,500+,Canada
742,"Sutton, Young and Delgado",2025-09-23,Free,51-200,UK
743,Gallegos-Robinson,2025-06-24,Starter,500+,Canada
744,Chapman-Anderson,2026-07-10,Starter,11-50,Canada
745,"Rodriguez, Clarke and Santana",2025-09-16,Starter,11-50,USA
746,"Mcintosh, Salinas and Medina",2026-06-19,Free,201-500,Australia
747,Lee LLC,2026-02-12,Free,11-50,USA
748,Richardson Ltd,2025-04-07,Pro,51-200,Canada
749,Gonzalez and Sons,2024-12-06,Starter,11-50,India
750,"Stevenson, Holden and Miller",2026-04-18,Starter,201-500,Germany
751,Brown Inc,2026-07-11,Starter,1-10,Germany
752,Mcknight Inc,2025-09-20,Starter,11-50,India
753,"Ross, White and Owens",2024-12-28,Starter,11-50,USA
754,"Lynch, Evans and Parker",2025-07-30,Free,11-50,Germany
755,"Garner, Stewart and Johnson",2024-10-03,Pro,51-200,UK
756,Walker Ltd,2026-01-27,Starter,500+,USA
757,Lutz-Tucker,2025-11-10,Free,51-200,Australia
758,Peterson PLC,2024-10-27,Free,1-10,Germany
759,"Martinez, Daugherty and Brown",2025-01-21,Free,201-500,Australia
760,"Smith, Montoya and Thomas",2026-07-15,Starter,51-200,Australia
761,Macias-Lee,2026-08-08,Free,51-200,UK
762,Griffin Ltd,2025-06-13,Starter,11-50,India
763,"Johnson, Jacobs and Arnold",2025-06-23,Starter,201-500,Australia
764,"Richards, Willis and Greer",2025-06-06,Enterprise,51-200,Germany
765,Miller-Lewis,2025-09-06,Pro,201-500,Canada
766,Maldonado-Jimenez,2025-07-27,Pro,11-50,India
767,"Henderson, King and Mason",2026-06-29,Starter,500+,USA
768,"Howe, Gonzalez and Walker",2024-10-22,Starter,500+,Australia
769,"Torres, Davis and Torres",2025-04-08,Free,500+,USA
770,Clark and Sons,2025-11-21,Free,500+,Canada
771,Allen Ltd,2024-10-04,Free,500+,India
772,Wang-Pearson,2025-03-20,Free,500+,Germany
773,Russell-Becker,2025-09-01,Free,11-50,Australia
774,English Group,2026-06-08,Starter,1-10,Canada
775,"Gallagher, Anderson and Maddox",2025-07-08,Starter,1-10,Germany
776,Dunn PLC,2025-11-26,Free,201-500,Germany
777,Simon PLC,2025-01-09,Starter,500+,Germany
778,Fuller PLC,2025-02-18,Starter,51-200,Australia
779,Cole and Sons,2024-10-02,Free,51-200,USA
780,Hunter LLC,2025-11-10,Pro,500+,USA
781,"Hansen, Russell and Galloway",2025-08-29,Free,51-200,Australia
782,Castillo Ltd,2025-03-02,Free,1-10,USA
783,Gardner Inc,2025-05-12,Enterprise,201-500,USA
784,Rodriguez LLC,2024-11-23,Free,11-50,India
785,"Myers, Holt and Barton",2025-01-24,Pro,201-500,UK
786,Hopkins Group,2025-04-14,Enterprise,201-500,Germany
787,Harvey-Bennett,2025-06-08,Pro,201-500,Germany
788,Young PLC,2025-05-03,Free,500+,India
789,Burgess LLC,2026-04-18,Starter,51-200,USA
790,Ingram-Williams,2024-12-09,Free,500+,Germany
791,"Blankenship, Cook and Knight",2026-03-28,Starter,11-50,USA
792,"Jones, Dixon and Rowe",2025-11-14,Pro,51-200,Germany
793,Lindsey-Scott,2026-07-31,Starter,500+,Germany
794,Rogers-Mayo,2026-03-17,Starter,11-50,India
795,"Beard, Smith and Jackson",2025-05-18,Starter,11-50,UK
796,Nielsen-Hebert,2025-03-05,Free,1-10,USA
797,"Jones, Bradford and Carey",2024-09-28,Pro,201-500,Canada
798,"Smith, Shannon and Hale",2026-07-28,Pro,1-10,India
799,Murphy LLC,2025-03-19,Free,1-10,Canada
800,Benjamin-Castro,2026-05-16,Free,500+,Australia
